name,codepoint,index
10k,e951,1
10mp,e952,2
11mp,e953,3
123,eb8d,4
12mp,e954,5
13mp,e955,6
14mp,e956,7
15mp,e957,8
16mp,e958,9
17mp,e959,10
18mp,e95a,11
19mp,e95b,12
1k,e95c,13
1k_plus,e95d,14
1x_mobiledata,efcd,15
20mp,e95e,16
21mp,e95f,17
22mp,e960,18
23mp,e961,19
24mp,e962,20
2k,e963,21
2k_plus,e964,22
2mp,e965,23
30fps,efce,24
30fps_select,efcf,25
360,e577,26
3d_rotation,e84d,27
3g_mobiledata,efd0,28
3k,e966,29
3k_plus,e967,30
3mp,e968,31
3p,efd1,32
4g_mobiledata,efd2,33
4g_plus_mobiledata,efd3,34
4k,e072,35
4k_plus,e969,36
4mp,e96a,37
5g,ef38,38
5k,e96b,39
5k_plus,e96c,40
5mp,e96d,41
60fps,efd4,42
60fps_select,efd5,43
6_ft_apart,f21e,44
6k,e96e,45
6k_plus,e96f,46
6mp,e970,47
7k,e971,48
7k_plus,e972,49
7mp,e973,50
8k,e974,51
8k_plus,e975,52
8mp,e976,53
9k,e977,54
9k_plus,e978,55
9mp,e979,56
abc,eb94,57
ac_unit,eb3b,58
access_alarm,e190,59
access_alarms,e191,60
access_time,e192,61
access_time_filled,efd6,62
accessibility,e84e,63
accessibility_new,e92c,64
accessible,e914,65
accessible_forward,e934,66
account_balance,e84f,67
account_balance_wallet,e850,68
account_box,e851,69
account_circle,e853,70
account_tree,e97a,71
ad_units,ef39,72
adb,e60e,73
add,e145,74
add_a_photo,e439,75
add_alarm,e193,76
add_alert,e003,77
add_box,e146,78
add_business,e729,79
add_call,e0e8,80
add_card,eb86,81
add_chart,e97b,82
add_circle,e147,83
add_circle_outline,e148,84
add_comment,e266,85
add_ic_call,e97c,86
add_link,e178,87
add_location,e567,88
add_location_alt,ef3a,89
add_moderator,e97d,90
add_photo_alternate,e43e,91
add_reaction,e1d3,92
add_road,ef3b,93
add_shopping_cart,e854,94
add_task,f23a,95
add_to_drive,e65c,96
add_to_home_screen,e1fe,97
add_to_photos,e39d,98
add_to_queue,e05c,99
addchart,ef3c,100
adf_scanner,eada,101
adjust,e39e,102
admin_panel_settings,ef3d,103
adobe,ea96,104
ads_click,e762,105
agriculture,ea79,106
air,efd8,107
airline_seat_flat,e630,108
airline_seat_flat_angled,e631,109
airline_seat_individual_suite,e632,110
airline_seat_legroom_extra,e633,111
airline_seat_legroom_normal,e634,112
airline_seat_legroom_reduced,e635,113
airline_seat_recline_extra,e636,114
airline_seat_recline_normal,e637,115
airline_stops,e7d0,116
airlines,e7ca,117
airplane_ticket,efd9,118
airplanemode_active,e195,119
airplanemode_inactive,e194,120
airplanemode_off,e194,121
airplanemode_on,e195,122
airplay,e055,123
airport_shuttle,eb3c,124
alarm,e855,125
alarm_add,e856,126
alarm_off,e857,127
alarm_on,e858,128
album,e019,129
align_horizontal_center,e00f,130
align_horizontal_left,e00d,131
align_horizontal_right,e010,132
align_vertical_bottom,e015,133
align_vertical_center,e011,134
align_vertical_top,e00c,135
all_inbox,e97f,136
all_inclusive,eb3d,137
all_out,e90b,138
alt_route,f184,139
alternate_email,e0e6,140
amp_stories,ea13,141
analytics,ef3e,142
anchor,f1cd,143
android,e859,144
animation,e71c,145
announcement,e85a,146
aod,efda,147
apartment,ea40,148
api,f1b7,149
app_blocking,ef3f,150
app_registration,ef40,151
app_settings_alt,ef41,152
app_shortcut,eae4,153
apple,ea80,154
approval,e982,155
apps,e5c3,156
apps_outage,e7cc,157
architecture,ea3b,158
archive,e149,159
area_chart,e770,160
arrow_back,e5c4,161
arrow_back_ios,e5e0,162
arrow_back_ios_new,e2ea,163
arrow_circle_down,f181,164
arrow_circle_left,eaa7,165
arrow_circle_right,eaaa,166
arrow_circle_up,f182,167
arrow_downward,e5db,168
arrow_drop_down,e5c5,169
arrow_drop_down_circle,e5c6,170
arrow_drop_up,e5c7,171
arrow_forward,e5c8,172
arrow_forward_ios,e5e1,173
arrow_left,e5de,174
arrow_right,e5df,175
arrow_right_alt,e941,176
arrow_upward,e5d8,177
art_track,e060,178
article,ef42,179
aspect_ratio,e85b,180
assessment,e85c,181
assignment,e85d,182
assignment_ind,e85e,183
assignment_late,e85f,184
assignment_return,e860,185
assignment_returned,e861,186
assignment_turned_in,e862,187
assistant,e39f,188
assistant_direction,e988,189
assistant_navigation,e989,190
assistant_photo,e3a0,191
assured_workload,eb6f,192
atm,e573,193
attach_email,ea5e,194
attach_file,e226,195
attach_money,e227,196
attachment,e2bc,197
attractions,ea52,198
attribution,efdb,199
audio_file,eb82,200
audiotrack,e3a1,201
auto_awesome,e65f,202
auto_awesome_mosaic,e660,203
auto_awesome_motion,e661,204
auto_delete,ea4c,205
auto_fix_high,e663,206
auto_fix_normal,e664,207
auto_fix_off,e665,208
auto_graph,e4fb,209
auto_stories,e666,210
autofps_select,efdc,211
autorenew,e863,212
av_timer,e01b,213
baby_changing_station,f19b,214
back_hand,e764,215
backpack,f19c,216
backspace,e14a,217
backup,e864,218
backup_table,ef43,219
badge,ea67,220
bakery_dining,ea53,221
balance,eaf6,222
balcony,e58f,223
ballot,e172,224
bar_chart,e26b,225
batch_prediction,f0f5,226
bathroom,efdd,227
bathtub,ea41,228
battery_0_bar,ebdc,229
battery_1_bar,ebd9,230
battery_2_bar,ebe0,231
battery_3_bar,ebdd,232
battery_4_bar,ebe2,233
battery_5_bar,ebd4,234
battery_6_bar,ebd2,235
battery_alert,e19c,236
battery_charging_full,e1a3,237
battery_full,e1a4,238
battery_saver,efde,239
battery_std,e1a5,240
battery_unknown,e1a6,241
beach_access,eb3e,242
bed,efdf,243
bedroom_baby,efe0,244
bedroom_child,efe1,245
bedroom_parent,efe2,246
bedtime,ef44,247
bedtime_off,eb76,248
beenhere,e52d,249
bento,f1f4,250
bike_scooter,ef45,251
biotech,ea3a,252
blender,efe3,253
block,e14b,254
block_flipped,ef46,255
bloodtype,efe4,256
bluetooth,e1a7,257
bluetooth_audio,e60f,258
bluetooth_connected,e1a8,259
bluetooth_disabled,e1a9,260
bluetooth_drive,efe5,261
bluetooth_searching,e1aa,262
blur_circular,e3a2,263
blur_linear,e3a3,264
blur_off,e3a4,265
blur_on,e3a5,266
bolt,ea0b,267
book,e865,268
book_online,f217,269
bookmark,e866,270
bookmark_add,e598,271
bookmark_added,e599,272
bookmark_border,e867,273
bookmark_outline,e867,274
bookmark_remove,e59a,275
bookmarks,e98b,276
border_all,e228,277
border_bottom,e229,278
border_clear,e22a,279
border_color,e22b,280
border_horizontal,e22c,281
border_inner,e22d,282
border_left,e22e,283
border_outer,e22f,284
border_right,e230,285
border_style,e231,286
border_top,e232,287
border_vertical,e233,288
boy,eb67,289
branding_watermark,e06b,290
breakfast_dining,ea54,291
brightness_1,e3a6,292
brightness_2,e3a7,293
brightness_3,e3a8,294
brightness_4,e3a9,295
brightness_5,e3aa,296
brightness_6,e3ab,297
brightness_7,e3ac,298
brightness_auto,e1ab,299
brightness_high,e1ac,300
brightness_low,e1ad,301
brightness_medium,e1ae,302
broken_image,e3ad,303
browse_gallery,ebd1,304
browser_not_supported,ef47,305
browser_updated,e7cf,306
brunch_dining,ea73,307
brush,e3ae,308
bubble_chart,e6dd,309
bug_report,e868,310
build,e869,311
build_circle,ef48,312
bungalow,e591,313
burst_mode,e43c,314
bus_alert,e98f,315
business,e0af,316
business_center,eb3f,317
cabin,e589,318
cable,efe6,319
cached,e86a,320
cake,e7e9,321
calculate,ea5f,322
calendar_month,ebcc,323
calendar_today,e935,324
calendar_view_day,e936,325
calendar_view_month,efe7,326
calendar_view_week,efe8,327
call,e0b0,328
call_end,e0b1,329
call_made,e0b2,330
call_merge,e0b3,331
call_missed,e0b4,332
call_missed_outgoing,e0e4,333
call_received,e0b5,334
call_split,e0b6,335
call_to_action,e06c,336
camera,e3af,337
camera_alt,e3b0,338
camera_enhance,e8fc,339
camera_front,e3b1,340
camera_indoor,efe9,341
camera_outdoor,efea,342
camera_rear,e3b2,343
camera_roll,e3b3,344
cameraswitch,efeb,345
campaign,ef49,346
cancel,e5c9,347
cancel_presentation,e0e9,348
cancel_schedule_send,ea39,349
candlestick_chart,ead4,350
car_crash,ebf2,351
car_rental,ea55,352
car_repair,ea56,353
card_giftcard,e8f6,354
card_membership,e8f7,355
card_travel,e8f8,356
carpenter,f1f8,357
cases,e992,358
casino,eb40,359
cast,e307,360
cast_connected,e308,361
cast_for_education,efec,362
castle,eab1,363
catching_pokemon,e508,364
category,e574,365
celebration,ea65,366
cell_tower,ebba,367
cell_wifi,e0ec,368
center_focus_strong,e3b4,369
center_focus_weak,e3b5,370
chair,efed,371
chair_alt,efee,372
chalet,e585,373
change_circle,e2e7,374
change_history,e86b,375
charging_station,f19d,376
chat,e0b7,377
chat_bubble,e0ca,378
chat_bubble_outline,e0cb,379
check,e5ca,380
check_box,e834,381
check_box_outline_blank,e835,382
check_circle,e86c,383
check_circle_outline,e92d,384
checklist,e6b1,385
checklist_rtl,e6b3,386
checkroom,f19e,387
chevron_left,e5cb,388
chevron_right,e5cc,389
child_care,eb41,390
child_friendly,eb42,391
chrome_reader_mode,e86d,392
church,eaae,393
circle,ef4a,394
circle_notifications,e994,395
class,e86e,396
clean_hands,f21f,397
cleaning_services,f0ff,398
clear,e14c,399
clear_all,e0b8,400
close,e5cd,401
close_fullscreen,f1cf,402
closed_caption,e01c,403
closed_caption_disabled,f1dc,404
closed_caption_off,e996,405
cloud,e2bd,406
cloud_circle,e2be,407
cloud_done,e2bf,408
cloud_download,e2c0,409
cloud_off,e2c1,410
cloud_queue,e2c2,411
cloud_sync,eb5a,412
cloud_upload,e2c3,413
cloudy_snowing,e810,414
co2,e7b0,415
co_present,eaf0,416
code,e86f,417
code_off,e4f3,418
coffee,efef,419
coffee_maker,eff0,420
collections,e3b6,421
collections_bookmark,e431,422
color_lens,e3b7,423
colorize,e3b8,424
comment,e0b9,425
comment_bank,ea4e,426
comments_disabled,e7a2,427
commit,eaf5,428
commute,e940,429
compare,e3b9,430
compare_arrows,e915,431
compass_calibration,e57c,432
compost,e761,433
compress,e94d,434
computer,e30a,435
confirmation_num,e638,436
confirmation_number,e638,437
connect_without_contact,f223,438
connected_tv,e998,439
connecting_airports,e7c9,440
construction,ea3c,441
contact_mail,e0d0,442
contact_page,f22e,443
contact_phone,e0cf,444
contact_support,e94c,445
contactless,ea71,446
contacts,e0ba,447
content_copy,e14d,448
content_cut,e14e,449
content_paste,e14f,450
content_paste_go,ea8e,451
content_paste_off,e4f8,452
content_paste_search,ea9b,453
contrast,eb37,454
control_camera,e074,455
control_point,e3ba,456
control_point_duplicate,e3bb,457
cookie,eaac,458
copy_all,e2ec,459
copyright,e90c,460
coronavirus,f221,461
corporate_fare,f1d0,462
cottage,e587,463
countertops,f1f7,464
create,e150,465
create_new_folder,e2cc,466
credit_card,e870,467
credit_card_off,e4f4,468
credit_score,eff1,469
crib,e588,470
crisis_alert,ebe9,471
crop,e3be,472
crop_16_9,e3bc,473
crop_3_2,e3bd,474
crop_5_4,e3bf,475
crop_7_5,e3c0,476
crop_din,e3c1,477
crop_free,e3c2,478
crop_landscape,e3c3,479
crop_original,e3c4,480
crop_portrait,e3c5,481
crop_rotate,e437,482
crop_square,e3c6,483
cruelty_free,e799,484
css,eb93,485
currency_bitcoin,ebc5,486
currency_exchange,eb70,487
currency_franc,eafa,488
currency_lira,eaef,489
currency_pound,eaf1,490
currency_ruble,eaec,491
currency_rupee,eaf7,492
currency_yen,eafb,493
currency_yuan,eaf9,494
cyclone,ebd5,495
dangerous,e99a,496
dark_mode,e51c,497
dashboard,e871,498
dashboard_customize,e99b,499
data_array,ead1,500
data_exploration,e76f,501
data_object,ead3,502
data_saver_off,eff2,503
data_saver_on,eff3,504
data_thresholding,eb9f,505
data_usage,e1af,506
date_range,e916,507
deblur,eb77,508
deck,ea42,509
dehaze,e3c7,510
delete,e872,511
delete_forever,e92b,512
delete_outline,e92e,513
delete_sweep,e16c,514
delivery_dining,ea72,515
density_large,eba9,516
density_medium,eb9e,517
density_small,eba8,518
departure_board,e576,519
description,e873,520
deselect,ebb6,521
design_services,f10a,522
desktop_access_disabled,e99d,523
desktop_mac,e30b,524
desktop_windows,e30c,525
details,e3c8,526
developer_board,e30d,527
developer_board_off,e4ff,528
developer_mode,e1b0,529
device_hub,e335,530
device_thermostat,e1ff,531
device_unknown,e339,532
devices,e1b1,533
devices_fold,ebde,534
devices_other,e337,535
dialer_sip,e0bb,536
dialpad,e0bc,537
diamond,ead5,538
difference,eb7d,539
dining,eff4,540
dinner_dining,ea57,541
directions,e52e,542
directions_bike,e52f,543
directions_boat,e532,544
directions_boat_filled,eff5,545
directions_bus,e530,546
directions_bus_filled,eff6,547
directions_car,e531,548
directions_car_filled,eff7,549
directions_ferry,e532,550
directions_off,f10f,551
directions_railway,e534,552
directions_railway_filled,eff8,553
directions_run,e566,554
directions_subway,e533,555
directions_subway_filled,eff9,556
directions_train,e534,557
directions_transit,e535,558
directions_transit_filled,effa,559
directions_walk,e536,560
dirty_lens,ef4b,561
disabled_by_default,f230,562
disabled_visible,e76e,563
disc_full,e610,564
discord,ea6c,565
discount,ebc9,566
display_settings,eb97,567
dnd_forwardslash,e611,568
dns,e875,569
do_disturb,f08c,570
do_disturb_alt,f08d,571
do_disturb_off,f08e,572
do_disturb_on,f08f,573
do_not_disturb,e612,574
do_not_disturb_alt,e611,575
do_not_disturb_off,e643,576
do_not_disturb_on,e644,577
do_not_disturb_on_total_silence,effb,578
do_not_step,f19f,579
do_not_touch,f1b0,580
dock,e30e,581
document_scanner,e5fa,582
domain,e7ee,583
domain_add,eb62,584
domain_disabled,e0ef,585
domain_verification,ef4c,586
done,e876,587
done_all,e877,588
done_outline,e92f,589
donut_large,e917,590
donut_small,e918,591
door_back,effc,592
door_front,effd,593
door_sliding,effe,594
doorbell,efff,595
double_arrow,ea50,596
downhill_skiing,e509,597
download,f090,598
download_done,f091,599
download_for_offline,f000,600
downloading,f001,601
drafts,e151,602
drag_handle,e25d,603
drag_indicator,e945,604
draw,e746,605
drive_eta,e613,606
drive_file_move,e675,607
drive_file_move_outline,e9a1,608
drive_file_move_rtl,e76d,609
drive_file_rename_outline,e9a2,610
drive_folder_upload,e9a3,611
dry,f1b3,612
dry_cleaning,ea58,613
duo,e9a5,614
dvr,e1b2,615
dynamic_feed,ea14,616
dynamic_form,f1bf,617
e_mobiledata,f002,618
earbuds,f003,619
earbuds_battery,f004,620
east,f1df,621
eco,ea35,622
edgesensor_high,f005,623
edgesensor_low,f006,624
edit,e3c9,625
edit_attributes,e578,626
edit_calendar,e742,627
edit_location,e568,628
edit_location_alt,e1c5,629
edit_note,e745,630
edit_notifications,e525,631
edit_off,e950,632
edit_road,ef4d,633
egg,eacc,634
egg_alt,eac8,635
eject,e8fb,636
elderly,f21a,637
elderly_woman,eb69,638
electric_bike,eb1b,639
electric_car,eb1c,640
electric_moped,eb1d,641
electric_rickshaw,eb1e,642
electric_scooter,eb1f,643
electrical_services,f102,644
elevator,f1a0,645
email,e0be,646
emergency,e1eb,647
emergency_recording,ebf4,648
emergency_share,ebf6,649
emoji_emotions,ea22,650
emoji_events,ea23,651
emoji_flags,ea1a,652
emoji_food_beverage,ea1b,653
emoji_nature,ea1c,654
emoji_objects,ea24,655
emoji_people,ea1d,656
emoji_symbols,ea1e,657
emoji_transportation,ea1f,658
engineering,ea3d,659
enhance_photo_translate,e8fc,660
enhanced_encryption,e63f,661
equalizer,e01d,662
error,e000,663
error_outline,e001,664
escalator,f1a1,665
escalator_warning,f1ac,666
euro,ea15,667
euro_symbol,e926,668
ev_station,e56d,669
event,e878,670
event_available,e614,671
event_busy,e615,672
event_note,e616,673
event_repeat,eb7b,674
event_seat,e903,675
exit_to_app,e879,676
expand,e94f,677
expand_circle_down,e7cd,678
expand_less,e5ce,679
expand_more,e5cf,680
explicit,e01e,681
explore,e87a,682
explore_off,e9a8,683
exposure,e3ca,684
exposure_minus_1,e3cb,685
exposure_minus_2,e3cc,686
exposure_neg_1,e3cb,687
exposure_neg_2,e3cc,688
exposure_plus_1,e3cd,689
exposure_plus_2,e3ce,690
exposure_zero,e3cf,691
extension,e87b,692
extension_off,e4f5,693
face,e87c,694
face_retouching_natural,ef4e,695
face_retouching_off,f007,696
facebook,f234,697
fact_check,f0c5,698
factory,ebbc,699
family_restroom,f1a2,700
fast_forward,e01f,701
fast_rewind,e020,702
fastfood,e57a,703
favorite,e87d,704
favorite_border,e87e,705
favorite_outline,e87e,706
fax,ead8,707
featured_play_list,e06d,708
featured_video,e06e,709
feed,f009,710
feedback,e87f,711
female,e590,712
fence,f1f6,713
festival,ea68,714
fiber_dvr,e05d,715
fiber_manual_record,e061,716
fiber_new,e05e,717
fiber_pin,e06a,718
fiber_smart_record,e062,719
file_copy,e173,720
file_download,e2c4,721
file_download_done,e9aa,722
file_download_off,e4fe,723
file_open,eaf3,724
file_present,ea0e,725
file_upload,e2c6,726
filter,e3d3,727
filter_1,e3d0,728
filter_2,e3d1,729
filter_3,e3d2,730
filter_4,e3d4,731
filter_5,e3d5,732
filter_6,e3d6,733
filter_7,e3d7,734
filter_8,e3d8,735
filter_9,e3d9,736
filter_9_plus,e3da,737
filter_alt,ef4f,738
filter_alt_off,eb32,739
filter_b_and_w,e3db,740
filter_center_focus,e3dc,741
filter_drama,e3dd,742
filter_frames,e3de,743
filter_hdr,e3df,744
filter_list,e152,745
filter_list_alt,e94e,746
filter_list_off,eb57,747
filter_none,e3e0,748
filter_tilt_shift,e3e2,749
filter_vintage,e3e3,750
find_in_page,e880,751
find_replace,e881,752
fingerprint,e90d,753
fire_extinguisher,f1d8,754
fire_hydrant,f1a3,755
fireplace,ea43,756
first_page,e5dc,757
fit_screen,ea10,758
fitbit,e82b,759
fitness_center,eb43,760
flag,e153,761
flag_circle,eaf8,762
flaky,ef50,763
flare,e3e4,764
flash_auto,e3e5,765
flash_off,e3e6,766
flash_on,e3e7,767
flashlight_off,f00a,768
flashlight_on,f00b,769
flatware,f00c,770
flight,e539,771
flight_class,e7cb,772
flight_land,e904,773
flight_takeoff,e905,774
flip,e3e8,775
flip_camera_android,ea37,776
flip_camera_ios,ea38,777
flip_to_back,e882,778
flip_to_front,e883,779
flood,ebe6,780
flourescent,f00d,781
flutter_dash,e00b,782
fmd_bad,f00e,783
fmd_good,f00f,784
foggy,e818,785
folder,e2c7,786
folder_copy,ebbd,787
folder_delete,eb34,788
folder_off,eb83,789
folder_open,e2c8,790
folder_shared,e2c9,791
folder_special,e617,792
folder_zip,eb2c,793
follow_the_signs,f222,794
font_download,e167,795
font_download_off,e4f9,796
food_bank,f1f2,797
forest,ea99,798
fork_left,eba0,799
fork_right,ebac,800
format_align_center,e234,801
format_align_justify,e235,802
format_align_left,e236,803
format_align_right,e237,804
format_bold,e238,805
format_clear,e239,806
format_color_fill,e23a,807
format_color_reset,e23b,808
format_color_text,e23c,809
format_indent_decrease,e23d,810
format_indent_increase,e23e,811
format_italic,e23f,812
format_line_spacing,e240,813
format_list_bulleted,e241,814
format_list_numbered,e242,815
format_list_numbered_rtl,e267,816
format_overline,eb65,817
format_paint,e243,818
format_quote,e244,819
format_shapes,e25e,820
format_size,e245,821
format_strikethrough,e246,822
format_textdirection_l_to_r,e247,823
format_textdirection_r_to_l,e248,824
format_underline,e249,825
format_underlined,e249,826
fort,eaad,827
forum,e0bf,828
forward,e154,829
forward_10,e056,830
forward_30,e057,831
forward_5,e058,832
forward_to_inbox,f187,833
foundation,f200,834
free_breakfast,eb44,835
free_cancellation,e748,836
front_hand,e769,837
fullscreen,e5d0,838
fullscreen_exit,e5d1,839
functions,e24a,840
g_mobiledata,f010,841
g_translate,e927,842
gamepad,e30f,843
games,e021,844
garage,f011,845
gavel,e90e,846
generating_tokens,e749,847
gesture,e155,848
get_app,e884,849
gif,e908,850
gif_box,e7a3,851
girl,eb68,852
gite,e58b,853
goat,10fffd,854
golf_course,eb45,855
gpp_bad,f012,856
gpp_good,f013,857
gpp_maybe,f014,858
gps_fixed,e1b3,859
gps_not_fixed,e1b4,860
gps_off,e1b5,861
grade,e885,862
gradient,e3e9,863
grading,ea4f,864
grain,e3ea,865
graphic_eq,e1b8,866
grass,f205,867
grid_3x3,f015,868
grid_4x4,f016,869
grid_goldenratio,f017,870
grid_off,e3eb,871
grid_on,e3ec,872
grid_view,e9b0,873
group,e7ef,874
group_add,e7f0,875
group_off,e747,876
group_remove,e7ad,877
group_work,e886,878
groups,f233,879
h_mobiledata,f018,880
h_plus_mobiledata,f019,881
hail,e9b1,882
handshake,ebcb,883
handyman,f10b,884
hardware,ea59,885
hd,e052,886
hdr_auto,f01a,887
hdr_auto_select,f01b,888
hdr_enhanced_select,ef51,889
hdr_off,e3ed,890
hdr_off_select,f01c,891
hdr_on,e3ee,892
hdr_on_select,f01d,893
hdr_plus,f01e,894
hdr_strong,e3f1,895
hdr_weak,e3f2,896
headphones,f01f,897
headphones_battery,f020,898
headset,e310,899
headset_mic,e311,900
headset_off,e33a,901
healing,e3f3,902
health_and_safety,e1d5,903
hearing,e023,904
hearing_disabled,f104,905
heart_broken,eac2,906
height,ea16,907
help,e887,908
help_center,f1c0,909
help_outline,e8fd,910
hevc,f021,911
hexagon,eb39,912
hide_image,f022,913
hide_source,f023,914
high_quality,e024,915
highlight,e25f,916
highlight_alt,ef52,917
highlight_off,e888,918
highlight_remove,e888,919
hiking,e50a,920
history,e889,921
history_edu,ea3e,922
history_toggle_off,f17d,923
hive,eaa6,924
hls,eb8a,925
hls_off,eb8c,926
holiday_village,e58a,927
home,e88a,928
home_filled,e9b2,929
home_max,f024,930
home_mini,f025,931
home_repair_service,f100,932
home_work,ea09,933
horizontal_distribute,e014,934
horizontal_rule,f108,935
horizontal_split,e947,936
hot_tub,eb46,937
hotel,e53a,938
hotel_class,e743,939
hourglass_bottom,ea5c,940
hourglass_disabled,ef53,941
hourglass_empty,e88b,942
hourglass_full,e88c,943
hourglass_top,ea5b,944
house,ea44,945
house_siding,f202,946
houseboat,e584,947
how_to_reg,e174,948
how_to_vote,e175,949
html,eb7e,950
http,e902,951
https,e88d,952
hub,e9f4,953
hvac,f10e,954
ice_skating,e50b,955
icecream,ea69,956
image,e3f4,957
image_aspect_ratio,e3f5,958
image_not_supported,f116,959
image_search,e43f,960
imagesearch_roller,e9b4,961
import_contacts,e0e0,962
import_export,e0c3,963
important_devices,e912,964
inbox,e156,965
incomplete_circle,e79b,966
indeterminate_check_box,e909,967
info,e88e,968
info_outline,e88f,969
input,e890,970
insert_chart,e24b,971
insert_chart_outlined,e26a,972
insert_comment,e24c,973
insert_drive_file,e24d,974
insert_emoticon,e24e,975
insert_invitation,e24f,976
insert_link,e250,977
insert_page_break,eaca,978
insert_photo,e251,979
insights,f092,980
install_desktop,eb71,981
install_mobile,eb72,982
integration_instructions,ef54,983
interests,e7c8,984
interpreter_mode,e83b,985
inventory,e179,986
inventory_2,e1a1,987
invert_colors,e891,988
invert_colors_off,e0c4,989
invert_colors_on,e891,990
ios_share,e6b8,991
iron,e583,992
iso,e3f6,993
javascript,eb7c,994
join_full,eaeb,995
join_inner,eaf4,996
join_left,eaf2,997
join_right,eaea,998
kayaking,e50c,999
kebab_dining,e842,1000
key,e73c,1001
key_off,eb84,1002
keyboard,e312,1003
keyboard_alt,f028,1004
keyboard_arrow_down,e313,1005
keyboard_arrow_left,e314,1006
keyboard_arrow_right,e315,1007
keyboard_arrow_up,e316,1008
keyboard_backspace,e317,1009
keyboard_capslock,e318,1010
keyboard_command,eae0,1011
keyboard_command_key,eae7,1012
keyboard_control,e5d3,1013
keyboard_control_key,eae6,1014
keyboard_double_arrow_down,ead0,1015
keyboard_double_arrow_left,eac3,1016
keyboard_double_arrow_right,eac9,1017
keyboard_double_arrow_up,eacf,1018
keyboard_hide,e31a,1019
keyboard_option,eadf,1020
keyboard_option_key,eae8,1021
keyboard_return,e31b,1022
keyboard_tab,e31c,1023
keyboard_voice,e31d,1024
king_bed,ea45,1025
kitchen,eb47,1026
kitesurfing,e50d,1027
label,e892,1028
label_important,e937,1029
label_important_outline,e948,1030
label_off,e9b6,1031
label_outline,e893,1032
lan,eb2f,1033
landscape,e3f7,1034
landslide,ebd7,1035
language,e894,1036
laptop,e31e,1037
laptop_chromebook,e31f,1038
laptop_mac,e320,1039
laptop_windows,e321,1040
last_page,e5dd,1041
launch,e895,1042
layers,e53b,1043
layers_clear,e53c,1044
leaderboard,f20c,1045
leak_add,e3f8,1046
leak_remove,e3f9,1047
leave_bags_at_home,f21b,1048
legend_toggle,f11b,1049
lens,e3fa,1050
lens_blur,f029,1051
library_add,e02e,1052
library_add_check,e9b7,1053
library_books,e02f,1054
library_music,e030,1055
light,f02a,1056
light_mode,e518,1057
lightbulb,e0f0,1058
lightbulb_outline,e90f,1059
line_axis,ea9a,1060
line_style,e919,1061
line_weight,e91a,1062
linear_scale,e260,1063
link,e157,1064
link_off,e16f,1065
linked_camera,e438,1066
liquor,ea60,1067
list,e896,1068
list_alt,e0ee,1069
live_help,e0c6,1070
live_tv,e639,1071
living,f02b,1072
local_activity,e53f,1073
local_airport,e53d,1074
local_atm,e53e,1075
local_attraction,e53f,1076
local_bar,e540,1077
local_cafe,e541,1078
local_car_wash,e542,1079
local_convenience_store,e543,1080
local_dining,e556,1081
local_drink,e544,1082
local_fire_department,ef55,1083
local_florist,e545,1084
local_gas_station,e546,1085
local_grocery_store,e547,1086
local_hospital,e548,1087
local_hotel,e549,1088
local_laundry_service,e54a,1089
local_library,e54b,1090
local_mall,e54c,1091
local_movies,e54d,1092
local_offer,e54e,1093
local_parking,e54f,1094
local_pharmacy,e550,1095
local_phone,e551,1096
local_pizza,e552,1097
local_play,e553,1098
local_police,ef56,1099
local_post_office,e554,1100
local_print_shop,e555,1101
local_printshop,e555,1102
local_restaurant,e556,1103
local_see,e557,1104
local_shipping,e558,1105
local_taxi,e559,1106
location_city,e7f1,1107
location_disabled,e1b6,1108
location_history,e55a,1109
location_off,e0c7,1110
location_on,e0c8,1111
location_pin,f1db,1112
location_searching,e1b7,1113
lock,e897,1114
lock_clock,ef57,1115
lock_open,e898,1116
lock_outline,e899,1117
lock_reset,eade,1118
login,ea77,1119
logo_dev,ead6,1120
logout,e9ba,1121
looks,e3fc,1122
looks_3,e3fb,1123
looks_4,e3fd,1124
looks_5,e3fe,1125
looks_6,e3ff,1126
looks_one,e400,1127
looks_two,e401,1128
loop,e028,1129
loupe,e402,1130
low_priority,e16d,1131
loyalty,e89a,1132
lte_mobiledata,f02c,1133
lte_plus_mobiledata,f02d,1134
luggage,f235,1135
lunch_dining,ea61,1136
mail,e158,1137
mail_outline,e0e1,1138
male,e58e,1139
man,e4eb,1140
manage_accounts,f02e,1141
manage_history,ebe7,1142
manage_search,f02f,1143
map,e55b,1144
maps_home_work,f030,1145
maps_ugc,ef58,1146
margin,e9bb,1147
mark_as_unread,e9bc,1148
mark_chat_read,f18b,1149
mark_chat_unread,f189,1150
mark_email_read,f18c,1151
mark_email_unread,f18a,1152
mark_unread_chat_alt,eb9d,1153
markunread,e159,1154
markunread_mailbox,e89b,1155
masks,f218,1156
maximize,e930,1157
media_bluetooth_off,f031,1158
media_bluetooth_on,f032,1159
mediation,efa7,1160
medical_information,ebed,1161
medical_services,f109,1162
medication,f033,1163
medication_liquid,ea87,1164
meeting_room,eb4f,1165
memory,e322,1166
menu,e5d2,1167
menu_book,ea19,1168
menu_open,e9bd,1169
merge,eb98,1170
merge_type,e252,1171
message,e0c9,1172
messenger,e0ca,1173
messenger_outline,e0cb,1174
mic,e029,1175
mic_external_off,ef59,1176
mic_external_on,ef5a,1177
mic_none,e02a,1178
mic_off,e02b,1179
microwave,f204,1180
military_tech,ea3f,1181
minimize,e931,1182
minor_crash,ebf1,1183
miscellaneous_services,f10c,1184
missed_video_call,e073,1185
mms,e618,1186
mobile_friendly,e200,1187
mobile_off,e201,1188
mobile_screen_share,e0e7,1189
mobiledata_off,f034,1190
mode,f097,1191
mode_comment,e253,1192
mode_edit,e254,1193
mode_edit_outline,f035,1194
mode_night,f036,1195
mode_of_travel,e7ce,1196
mode_standby,f037,1197
model_training,f0cf,1198
monetization_on,e263,1199
money,e57d,1200
money_off,e25c,1201
money_off_csred,f038,1202
monitor,ef5b,1203
monitor_heart,eaa2,1204
monitor_weight,f039,1205
monochrome_photos,e403,1206
mood,e7f2,1207
mood_bad,e7f3,1208
moped,eb28,1209
more,e619,1210
more_horiz,e5d3,1211
more_time,ea5d,1212
more_vert,e5d4,1213
mosque,eab2,1214
motion_photos_auto,f03a,1215
motion_photos_off,e9c0,1216
motion_photos_on,e9c1,1217
motion_photos_pause,f227,1218
motion_photos_paused,e9c2,1219
motorcycle,e91b,1220
mouse,e323,1221
move_down,eb61,1222
move_to_inbox,e168,1223
move_up,eb64,1224
movie,e02c,1225
movie_creation,e404,1226
movie_filter,e43a,1227
moving,e501,1228
mp,e9c3,1229
multiline_chart,e6df,1230
multiple_stop,f1b9,1231
multitrack_audio,e1b8,1232
museum,ea36,1233
music_note,e405,1234
music_off,e440,1235
music_video,e063,1236
my_library_add,e02e,1237
my_library_books,e02f,1238
my_library_music,e030,1239
my_location,e55c,1240
nat,ef5c,1241
nature,e406,1242
nature_people,e407,1243
navigate_before,e408,1244
navigate_next,e409,1245
navigation,e55d,1246
near_me,e569,1247
near_me_disabled,f1ef,1248
nearby_error,f03b,1249
nearby_off,f03c,1250
network_cell,e1b9,1251
network_check,e640,1252
network_locked,e61a,1253
network_ping,ebca,1254
network_wifi,e1ba,1255
network_wifi_1_bar,ebe4,1256
network_wifi_2_bar,ebd6,1257
network_wifi_3_bar,ebe1,1258
new_label,e609,1259
new_releases,e031,1260
newspaper,eb81,1261
next_plan,ef5d,1262
next_week,e16a,1263
nfc,e1bb,1264
night_shelter,f1f1,1265
nightlife,ea62,1266
nightlight,f03d,1267
nightlight_round,ef5e,1268
nights_stay,ea46,1269
no_accounts,f03e,1270
no_backpack,f237,1271
no_cell,f1a4,1272
no_crash,ebf0,1273
no_drinks,f1a5,1274
no_encryption,e641,1275
no_encryption_gmailerrorred,f03f,1276
no_flash,f1a6,1277
no_food,f1a7,1278
no_luggage,f23b,1279
no_meals,f1d6,1280
no_meals_ouline,f229,1281
no_meeting_room,eb4e,1282
no_photography,f1a8,1283
no_sim,e0cc,1284
no_stroller,f1af,1285
no_transfer,f1d5,1286
noise_aware,ebec,1287
noise_control_off,ebf3,1288
nordic_walking,e50e,1289
north,f1e0,1290
north_east,f1e1,1291
north_west,f1e2,1292
not_accessible,f0fe,1293
not_interested,e033,1294
not_listed_location,e575,1295
not_started,f0d1,1296
note,e06f,1297
note_add,e89c,1298
note_alt,f040,1299
notes,e26c,1300
notification_add,e399,1301
notification_important,e004,1302
notifications,e7f4,1303
notifications_active,e7f7,1304
notifications_none,e7f5,1305
notifications_off,e7f6,1306
notifications_on,e7f7,1307
notifications_paused,e7f8,1308
now_wallpaper,e1bc,1309
now_widgets,e1bd,1310
numbers,eac7,1311
offline_bolt,e932,1312
offline_pin,e90a,1313
offline_share,e9c5,1314
ondemand_video,e63a,1315
online_prediction,f0eb,1316
opacity,e91c,1317
open_in_browser,e89d,1318
open_in_full,f1ce,1319
open_in_new,e89e,1320
open_in_new_off,e4f6,1321
open_with,e89f,1322
other_houses,e58c,1323
outbond,f228,1324
outbound,e1ca,1325
outbox,ef5f,1326
outdoor_grill,ea47,1327
outgoing_mail,f0d2,1328
outlet,f1d4,1329
outlined_flag,e16e,1330
output,ebbe,1331
padding,e9c8,1332
pages,e7f9,1333
pageview,e8a0,1334
paid,f041,1335
palette,e40a,1336
pan_tool,e925,1337
pan_tool_alt,ebb9,1338
panorama,e40b,1339
panorama_fish_eye,e40c,1340
panorama_fisheye,e40c,1341
panorama_horizontal,e40d,1342
panorama_horizontal_select,ef60,1343
panorama_photosphere,e9c9,1344
panorama_photosphere_select,e9ca,1345
panorama_vertical,e40e,1346
panorama_vertical_select,ef61,1347
panorama_wide_angle,e40f,1348
panorama_wide_angle_select,ef62,1349
paragliding,e50f,1350
park,ea63,1351
party_mode,e7fa,1352
password,f042,1353
pattern,f043,1354
pause,e034,1355
pause_circle,e1a2,1356
pause_circle_filled,e035,1357
pause_circle_outline,e036,1358
pause_presentation,e0ea,1359
payment,e8a1,1360
payments,ef63,1361
paypal,ea8d,1362
pedal_bike,eb29,1363
pending,ef64,1364
pending_actions,f1bb,1365
pentagon,eb50,1366
people,e7fb,1367
people_alt,ea21,1368
people_outline,e7fc,1369
percent,eb58,1370
perm_camera_mic,e8a2,1371
perm_contact_cal,e8a3,1372
perm_contact_calendar,e8a3,1373
perm_data_setting,e8a4,1374
perm_device_info,e8a5,1375
perm_device_information,e8a5,1376
perm_identity,e8a6,1377
perm_media,e8a7,1378
perm_phone_msg,e8a8,1379
perm_scan_wifi,e8a9,1380
person,e7fd,1381
person_add,e7fe,1382
person_add_alt,ea4d,1383
person_add_alt_1,ef65,1384
person_add_disabled,e9cb,1385
person_off,e510,1386
person_outline,e7ff,1387
person_pin,e55a,1388
person_pin_circle,e56a,1389
person_remove,ef66,1390
person_remove_alt_1,ef67,1391
person_search,f106,1392
personal_injury,e6da,1393
personal_video,e63b,1394
pest_control,f0fa,1395
pest_control_rodent,f0fd,1396
pets,e91d,1397
phishing,ead7,1398
phone,e0cd,1399
phone_android,e324,1400
phone_bluetooth_speaker,e61b,1401
phone_callback,e649,1402
phone_disabled,e9cc,1403
phone_enabled,e9cd,1404
phone_forwarded,e61c,1405
phone_in_talk,e61d,1406
phone_iphone,e325,1407
phone_locked,e61e,1408
phone_missed,e61f,1409
phone_paused,e620,1410
phonelink,e326,1411
phonelink_erase,e0db,1412
phonelink_lock,e0dc,1413
phonelink_off,e327,1414
phonelink_ring,e0dd,1415
phonelink_setup,e0de,1416
photo,e410,1417
photo_album,e411,1418
photo_camera,e412,1419
photo_camera_back,ef68,1420
photo_camera_front,ef69,1421
photo_filter,e43b,1422
photo_library,e413,1423
photo_size_select_actual,e432,1424
photo_size_select_large,e433,1425
photo_size_select_small,e434,1426
php,eb8f,1427
piano,e521,1428
piano_off,e520,1429
picture_as_pdf,e415,1430
picture_in_picture,e8aa,1431
picture_in_picture_alt,e911,1432
pie_chart,e6c4,1433
pie_chart_outline,f044,1434
pie_chart_outlined,e6c5,1435
pin,f045,1436
pin_drop,e55e,1437
pin_end,e767,1438
pin_invoke,e763,1439
pinch,eb38,1440
pivot_table_chart,e9ce,1441
pix,eaa3,1442
place,e55f,1443
plagiarism,ea5a,1444
play_arrow,e037,1445
play_circle,e1c4,1446
play_circle_fill,e038,1447
play_circle_filled,e038,1448
play_circle_outline,e039,1449
play_disabled,ef6a,1450
play_for_work,e906,1451
play_lesson,f047,1452
playlist_add,e03b,1453
playlist_add_check,e065,1454
playlist_add_check_circle,e7e6,1455
playlist_add_circle,e7e5,1456
playlist_play,e05f,1457
playlist_remove,eb80,1458
plumbing,f107,1459
plus_one,e800,1460
podcasts,f048,1461
point_of_sale,f17e,1462
policy,ea17,1463
poll,e801,1464
polyline,ebbb,1465
polymer,e8ab,1466
pool,eb48,1467
portable_wifi_off,e0ce,1468
portrait,e416,1469
post_add,ea20,1470
power,e63c,1471
power_input,e336,1472
power_off,e646,1473
power_settings_new,e8ac,1474
precision_manufacturing,f049,1475
pregnant_woman,e91e,1476
present_to_all,e0df,1477
preview,f1c5,1478
price_change,f04a,1479
price_check,f04b,1480
print,e8ad,1481
print_disabled,e9cf,1482
priority_high,e645,1483
privacy_tip,f0dc,1484
private_connectivity,e744,1485
production_quantity_limits,e1d1,1486
psychology,ea4a,1487
public,e80b,1488
public_off,f1ca,1489
publish,e255,1490
published_with_changes,f232,1491
punch_clock,eaa8,1492
push_pin,f10d,1493
qr_code,ef6b,1494
qr_code_2,e00a,1495
qr_code_scanner,f206,1496
query_builder,e8ae,1497
query_stats,e4fc,1498
question_answer,e8af,1499
question_mark,eb8b,1500
queue,e03c,1501
queue_music,e03d,1502
queue_play_next,e066,1503
quick_contacts_dialer,e0cf,1504
quick_contacts_mail,e0d0,1505
quickreply,ef6c,1506
quiz,f04c,1507
quora,ea98,1508
r_mobiledata,f04d,1509
radar,f04e,1510
radio,e03e,1511
radio_button_checked,e837,1512
radio_button_off,e836,1513
radio_button_on,e837,1514
radio_button_unchecked,e836,1515
railway_alert,e9d1,1516
ramen_dining,ea64,1517
ramp_left,eb9c,1518
ramp_right,eb96,1519
rate_review,e560,1520
raw_off,f04f,1521
raw_on,f050,1522
read_more,ef6d,1523
real_estate_agent,e73a,1524
receipt,e8b0,1525
receipt_long,ef6e,1526
recent_actors,e03f,1527
recommend,e9d2,1528
record_voice_over,e91f,1529
rectangle,eb54,1530
recycling,e760,1531
reddit,eaa0,1532
redeem,e8b1,1533
redo,e15a,1534
reduce_capacity,f21c,1535
refresh,e5d5,1536
remember_me,f051,1537
remove,e15b,1538
remove_circle,e15c,1539
remove_circle_outline,e15d,1540
remove_done,e9d3,1541
remove_from_queue,e067,1542
remove_moderator,e9d4,1543
remove_red_eye,e417,1544
remove_shopping_cart,e928,1545
reorder,e8fe,1546
repeat,e040,1547
repeat_on,e9d6,1548
repeat_one,e041,1549
repeat_one_on,e9d7,1550
replay,e042,1551
replay_10,e059,1552
replay_30,e05a,1553
replay_5,e05b,1554
replay_circle_filled,e9d8,1555
reply,e15e,1556
reply_all,e15f,1557
report,e160,1558
report_gmailerrorred,f052,1559
report_off,e170,1560
report_problem,e8b2,1561
request_page,f22c,1562
request_quote,f1b6,1563
reset_tv,e9d9,1564
restart_alt,f053,1565
restaurant,e56c,1566
restaurant_menu,e561,1567
restore,e8b3,1568
restore_from_trash,e938,1569
restore_page,e929,1570
reviews,f054,1571
rice_bowl,f1f5,1572
ring_volume,e0d1,1573
rocket,eba5,1574
rocket_launch,eb9b,1575
roller_skating,ebcd,1576
roofing,f201,1577
room,e8b4,1578
room_preferences,f1b8,1579
room_service,eb49,1580
rotate_90_degrees_ccw,e418,1581
rotate_90_degrees_cw,eaab,1582
rotate_left,e419,1583
rotate_right,e41a,1584
roundabout_left,eb99,1585
roundabout_right,eba3,1586
rounded_corner,e920,1587
route,eacd,1588
router,e328,1589
rowing,e921,1590
rss_feed,e0e5,1591
rsvp,f055,1592
rtt,e9ad,1593
rule,f1c2,1594
rule_folder,f1c9,1595
run_circle,ef6f,1596
running_with_errors,e51d,1597
rv_hookup,e642,1598
safety_check,ebef,1599
safety_divider,e1cc,1600
sailing,e502,1601
sanitizer,f21d,1602
satellite,e562,1603
satellite_alt,eb3a,1604
save,e161,1605
save_alt,e171,1606
save_as,eb60,1607
saved_search,ea11,1608
savings,e2eb,1609
scale,eb5f,1610
scanner,e329,1611
scatter_plot,e268,1612
schedule,e8b5,1613
schedule_send,ea0a,1614
schema,e4fd,1615
school,e80c,1616
science,ea4b,1617
score,e269,1618
scoreboard,ebd0,1619
screen_lock_landscape,e1be,1620
screen_lock_portrait,e1bf,1621
screen_lock_rotation,e1c0,1622
screen_rotation,e1c1,1623
screen_rotation_alt,ebee,1624
screen_search_desktop,ef70,1625
screen_share,e0e2,1626
screenshot,f056,1627
scuba_diving,ebce,1628
sd,e9dd,1629
sd_card,e623,1630
sd_card_alert,f057,1631
sd_storage,e1c2,1632
search,e8b6,1633
search_off,ea76,1634
security,e32a,1635
security_update,f058,1636
security_update_good,f059,1637
security_update_warning,f05a,1638
segment,e94b,1639
select_all,e162,1640
self_improvement,ea78,1641
sell,f05b,1642
send,e163,1643
send_and_archive,ea0c,1644
send_time_extension,eadb,1645
send_to_mobile,f05c,1646
sensor_door,f1b5,1647
sensor_window,f1b4,1648
sensors,e51e,1649
sensors_off,e51f,1650
sentiment_dissatisfied,e811,1651
sentiment_neutral,e812,1652
sentiment_satisfied,e813,1653
sentiment_satisfied_alt,e0ed,1654
sentiment_very_dissatisfied,e814,1655
sentiment_very_satisfied,e815,1656
set_meal,f1ea,1657
settings,e8b8,1658
settings_accessibility,f05d,1659
settings_applications,e8b9,1660
settings_backup_restore,e8ba,1661
settings_bluetooth,e8bb,1662
settings_brightness,e8bd,1663
settings_cell,e8bc,1664
settings_display,e8bd,1665
settings_ethernet,e8be,1666
settings_input_antenna,e8bf,1667
settings_input_component,e8c0,1668
settings_input_composite,e8c1,1669
settings_input_hdmi,e8c2,1670
settings_input_svideo,e8c3,1671
settings_overscan,e8c4,1672
settings_phone,e8c5,1673
settings_power,e8c6,1674
settings_remote,e8c7,1675
settings_suggest,f05e,1676
settings_system_daydream,e1c3,1677
settings_voice,e8c8,1678
severe_cold,ebd3,1679
share,e80d,1680
share_arrival_time,e524,1681
share_location,f05f,1682
shield,e9e0,1683
shield_moon,eaa9,1684
shop,e8c9,1685
shop_2,e19e,1686
shop_two,e8ca,1687
shopify,ea9d,1688
shopping_bag,f1cc,1689
shopping_basket,e8cb,1690
shopping_cart,e8cc,1691
shopping_cart_checkout,eb88,1692
short_text,e261,1693
shortcut,f060,1694
show_chart,e6e1,1695
shower,f061,1696
shuffle,e043,1697
shuffle_on,e9e1,1698
shutter_speed,e43d,1699
sick,f220,1700
sign_language,ebe5,1701
signal_cellular_0_bar,f0a8,1702
signal_cellular_4_bar,e1c8,1703
signal_cellular_alt,e202,1704
signal_cellular_alt_1_bar,ebdf,1705
signal_cellular_alt_2_bar,ebe3,1706
signal_cellular_connected_no_internet_0_bar,f0ac,1707
signal_cellular_connected_no_internet_4_bar,e1cd,1708
signal_cellular_no_sim,e1ce,1709
signal_cellular_nodata,f062,1710
signal_cellular_null,e1cf,1711
signal_cellular_off,e1d0,1712
signal_wifi_0_bar,f0b0,1713
signal_wifi_4_bar,e1d8,1714
signal_wifi_4_bar_lock,e1d9,1715
signal_wifi_bad,f063,1716
signal_wifi_connected_no_internet_4,f064,1717
signal_wifi_off,e1da,1718
signal_wifi_statusbar_4_bar,f065,1719
signal_wifi_statusbar_connected_no_internet_4,f066,1720
signal_wifi_statusbar_null,f067,1721
signpost,eb91,1722
sim_card,e32b,1723
sim_card_alert,e624,1724
sim_card_download,f068,1725
single_bed,ea48,1726
sip,f069,1727
skateboarding,e511,1728
skip_next,e044,1729
skip_previous,e045,1730
sledding,e512,1731
slideshow,e41b,1732
slow_motion_video,e068,1733
smart_button,f1c1,1734
smart_display,f06a,1735
smart_screen,f06b,1736
smart_toy,f06c,1737
smartphone,e32c,1738
smoke_free,eb4a,1739
smoking_rooms,eb4b,1740
sms,e625,1741
sms_failed,e626,1742
snapchat,ea6e,1743
snippet_folder,f1c7,1744
snooze,e046,1745
snowboarding,e513,1746
snowing,e80f,1747
snowmobile,e503,1748
snowshoeing,e514,1749
soap,f1b2,1750
social_distance,e1cb,1751
sort,e164,1752
sort_by_alpha,e053,1753
sos,ebf7,1754
soup_kitchen,e7d3,1755
source,f1c4,1756
south,f1e3,1757
south_america,e7e4,1758
south_east,f1e4,1759
south_west,f1e5,1760
spa,eb4c,1761
space_bar,e256,1762
space_dashboard,e66b,1763
spatial_audio,ebeb,1764
spatial_audio_off,ebe8,1765
spatial_tracking,ebea,1766
speaker,e32d,1767
speaker_group,e32e,1768
speaker_notes,e8cd,1769
speaker_notes_off,e92a,1770
speaker_phone,e0d2,1771
speed,e9e4,1772
spellcheck,e8ce,1773
splitscreen,f06d,1774
spoke,e9a7,1775
sports,ea30,1776
sports_bar,f1f3,1777
sports_baseball,ea51,1778
sports_basketball,ea26,1779
sports_cricket,ea27,1780
sports_esports,ea28,1781
sports_football,ea29,1782
sports_golf,ea2a,1783
sports_gymnastics,ebc4,1784
sports_handball,ea33,1785
sports_hockey,ea2b,1786
sports_kabaddi,ea34,1787
sports_martial_arts,eae9,1788
sports_mma,ea2c,1789
sports_motorsports,ea2d,1790
sports_rugby,ea2e,1791
sports_score,f06e,1792
sports_soccer,ea2f,1793
sports_tennis,ea32,1794
sports_volleyball,ea31,1795
square,eb36,1796
square_foot,ea49,1797
ssid_chart,eb66,1798
stacked_bar_chart,e9e6,1799
stacked_line_chart,f22b,1800
stadium,eb90,1801
stairs,f1a9,1802
star,e838,1803
star_border,e83a,1804
star_border_purple500,f099,1805
star_half,e839,1806
star_outline,f06f,1807
star_purple500,f09a,1808
star_rate,f0ec,1809
stars,e8d0,1810
start,e089,1811
stay_current_landscape,e0d3,1812
stay_current_portrait,e0d4,1813
stay_primary_landscape,e0d5,1814
stay_primary_portrait,e0d6,1815
sticky_note_2,f1fc,1816
stop,e047,1817
stop_circle,ef71,1818
stop_screen_share,e0e3,1819
storage,e1db,1820
store,e8d1,1821
store_mall_directory,e563,1822
storefront,ea12,1823
storm,f070,1824
straight,eb95,1825
straighten,e41c,1826
stream,e9e9,1827
streetview,e56e,1828
strikethrough_s,e257,1829
stroller,f1ae,1830
style,e41d,1831
subdirectory_arrow_left,e5d9,1832
subdirectory_arrow_right,e5da,1833
subject,e8d2,1834
subscript,f111,1835
subscriptions,e064,1836
subtitles,e048,1837
subtitles_off,ef72,1838
subway,e56f,1839
summarize,f071,1840
sunny,e81a,1841
sunny_snowing,e819,1842
superscript,f112,1843
supervised_user_circle,e939,1844
supervisor_account,e8d3,1845
support,ef73,1846
support_agent,f0e2,1847
surfing,e515,1848
surround_sound,e049,1849
swap_calls,e0d7,1850
swap_horiz,e8d4,1851
swap_horizontal_circle,e933,1852
swap_vert,e8d5,1853
swap_vert_circle,e8d6,1854
swap_vertical_circle,e8d6,1855
swipe,e9ec,1856
swipe_down,eb53,1857
swipe_down_alt,eb30,1858
swipe_left,eb59,1859
swipe_left_alt,eb33,1860
swipe_right,eb52,1861
swipe_right_alt,eb56,1862
swipe_up,eb2e,1863
swipe_up_alt,eb35,1864
swipe_vertical,eb51,1865
switch_access_shortcut,e7e1,1866
switch_access_shortcut_add,e7e2,1867
switch_account,e9ed,1868
switch_camera,e41e,1869
switch_left,f1d1,1870
switch_right,f1d2,1871
switch_video,e41f,1872
synagogue,eab0,1873
sync,e627,1874
sync_alt,ea18,1875
sync_disabled,e628,1876
sync_lock,eaee,1877
sync_problem,e629,1878
system_security_update,f072,1879
system_security_update_good,f073,1880
system_security_update_warning,f074,1881
system_update,e62a,1882
system_update_alt,e8d7,1883
system_update_tv,e8d7,1884
tab,e8d8,1885
tab_unselected,e8d9,1886
table_bar,ead2,1887
table_chart,e265,1888
table_restaurant,eac6,1889
table_rows,f101,1890
table_view,f1be,1891
tablet,e32f,1892
tablet_android,e330,1893
tablet_mac,e331,1894
tag,e9ef,1895
tag_faces,e420,1896
takeout_dining,ea74,1897
tap_and_play,e62b,1898
tapas,f1e9,1899
task,f075,1900
task_alt,e2e6,1901
taxi_alert,ef74,1902
telegram,ea6b,1903
temple_buddhist,eab3,1904
temple_hindu,eaaf,1905
terminal,eb8e,1906
terrain,e564,1907
text_decrease,eadd,1908
text_fields,e262,1909
text_format,e165,1910
text_increase,eae2,1911
text_rotate_up,e93a,1912
text_rotate_vertical,e93b,1913
text_rotation_angledown,e93c,1914
text_rotation_angleup,e93d,1915
text_rotation_down,e93e,1916
text_rotation_none,e93f,1917
text_snippet,f1c6,1918
textsms,e0d8,1919
texture,e421,1920
theater_comedy,ea66,1921
theaters,e8da,1922
thermostat,f076,1923
thermostat_auto,f077,1924
thumb_down,e8db,1925
thumb_down_alt,e816,1926
thumb_down_off_alt,e9f2,1927
thumb_up,e8dc,1928
thumb_up_alt,e817,1929
thumb_up_off_alt,e9f3,1930
thumbs_up_down,e8dd,1931
thunderstorm,ebdb,1932
tiktok,ea7e,1933
time_to_leave,e62c,1934
timelapse,e422,1935
timeline,e922,1936
timer,e425,1937
timer_10,e423,1938
timer_10_select,f07a,1939
timer_3,e424,1940
timer_3_select,f07b,1941
timer_off,e426,1942
tips_and_updates,e79a,1943
tire_repair,ebc8,1944
title,e264,1945
toc,e8de,1946
today,e8df,1947
toggle_off,e9f5,1948
toggle_on,e9f6,1949
token,ea25,1950
toll,e8e0,1951
tonality,e427,1952
topic,f1c8,1953
touch_app,e913,1954
tour,ef75,1955
toys,e332,1956
track_changes,e8e1,1957
traffic,e565,1958
train,e570,1959
tram,e571,1960
transfer_within_a_station,e572,1961
transform,e428,1962
transgender,e58d,1963
transit_enterexit,e579,1964
translate,e8e2,1965
travel_explore,e2db,1966
trending_down,e8e3,1967
trending_flat,e8e4,1968
trending_neutral,e8e4,1969
trending_up,e8e5,1970
trip_origin,e57b,1971
try,f07c,1972
tsunami,ebd8,1973
tty,f1aa,1974
tune,e429,1975
tungsten,f07d,1976
turn_left,eba6,1977
turn_right,ebab,1978
turn_sharp_left,eba7,1979
turn_sharp_right,ebaa,1980
turn_slight_left,eba4,1981
turn_slight_right,eb9a,1982
turned_in,e8e6,1983
turned_in_not,e8e7,1984
tv,e333,1985
tv_off,e647,1986
two_wheeler,e9f9,1987
u_turn_left,eba1,1988
u_turn_right,eba2,1989
umbrella,f1ad,1990
unarchive,e169,1991
undo,e166,1992
unfold_less,e5d6,1993
unfold_more,e5d7,1994
unpublished,f236,1995
unsubscribe,e0eb,1996
upcoming,f07e,1997
update,e923,1998
update_disabled,e075,1999
upgrade,f0fb,2000
upload,f09b,2001
upload_file,e9fc,2002
usb,e1e0,2003
usb_off,e4fa,2004
vaccines,e138,2005
vape_free,ebc6,2006
vaping_rooms,ebcf,2007
verified,ef76,2008
verified_user,e8e8,2009
vertical_align_bottom,e258,2010
vertical_align_center,e259,2011
vertical_align_top,e25a,2012
vertical_distribute,e076,2013
vertical_split,e949,2014
vibration,e62d,2015
video_call,e070,2016
video_camera_back,f07f,2017
video_camera_front,f080,2018
video_collection,e04a,2019
video_file,eb87,2020
video_label,e071,2021
video_library,e04a,2022
video_settings,ea75,2023
video_stable,f081,2024
videocam,e04b,2025
videocam_off,e04c,2026
videogame_asset,e338,2027
videogame_asset_off,e500,2028
view_agenda,e8e9,2029
view_array,e8ea,2030
view_carousel,e8eb,2031
view_column,e8ec,2032
view_comfortable,e42a,2033
view_comfy,e42a,2034
view_comfy_alt,eb73,2035
view_compact,e42b,2036
view_compact_alt,eb74,2037
view_cozy,eb75,2038
view_day,e8ed,2039
view_headline,e8ee,2040
view_in_ar,e9fe,2041
view_kanban,eb7f,2042
view_list,e8ef,2043
view_module,e8f0,2044
view_quilt,e8f1,2045
view_sidebar,f114,2046
view_stream,e8f2,2047
view_timeline,eb85,2048
view_week,e8f3,2049
vignette,e435,2050
villa,e586,2051
visibility,e8f4,2052
visibility_off,e8f5,2053
voice_chat,e62e,2054
voice_over_off,e94a,2055
voicemail,e0d9,2056
volcano,ebda,2057
volume_down,e04d,2058
volume_down_alt,e79c,2059
volume_mute,e04e,2060
volume_off,e04f,2061
volume_up,e050,2062
volunteer_activism,ea70,2063
vpn_key,e0da,2064
vpn_key_off,eb7a,2065
vpn_lock,e62f,2066
vrpano,f082,2067
wallet_giftcard,e8f6,2068
wallet_membership,e8f7,2069
wallet_travel,e8f8,2070
wallpaper,e1bc,2071
warehouse,ebb8,2072
warning,e002,2073
warning_amber,f083,2074
wash,f1b1,2075
watch,e334,2076
watch_later,e924,2077
watch_off,eae3,2078
water,f084,2079
water_damage,f203,2080
water_drop,e798,2081
waterfall_chart,ea00,2082
waves,e176,2083
waving_hand,e766,2084
wb_auto,e42c,2085
wb_cloudy,e42d,2086
wb_incandescent,e42e,2087
wb_iridescent,e436,2088
wb_shade,ea01,2089
wb_sunny,e430,2090
wb_twighlight,ea02,2091
wb_twilight,e1c6,2092
wc,e63d,2093
web,e051,2094
web_asset,e069,2095
web_asset_off,e4f7,2096
web_stories,e595,2097
webhook,eb92,2098
wechat,ea81,2099
weekend,e16b,2100
west,f1e6,2101
whatsapp,ea9c,2102
whatshot,e80e,2103
wheelchair_pickup,f1ab,2104
where_to_vote,e177,2105
widgets,e1bd,2106
wifi,e63e,2107
wifi_1_bar,e4ca,2108
wifi_2_bar,e4d9,2109
wifi_calling,ef77,2110
wifi_calling_3,f085,2111
wifi_channel,eb6a,2112
wifi_find,eb31,2113
wifi_lock,e1e1,2114
wifi_off,e648,2115
wifi_password,eb6b,2116
wifi_protected_setup,f0fc,2117
wifi_tethering,e1e2,2118
wifi_tethering_error,ead9,2119
wifi_tethering_error_rounded,f086,2120
wifi_tethering_off,f087,2121
window,f088,2122
wine_bar,f1e8,2123
woman,e13e,2124
woo_commerce,ea6d,2125
wordpress,ea9f,2126
work,e8f9,2127
work_off,e942,2128
work_outline,e943,2129
workspace_premium,e7af,2130
workspaces,e1a0,2131
workspaces_filled,ea0d,2132
workspaces_outline,ea0f,2133
wrap_text,e25b,2134
wrong_location,ef78,2135
wysiwyg,f1c3,2136
yard,f089,2137
youtube_searched_for,e8fa,2138
zoom_in,e8ff,2139
zoom_in_map,eb2d,2140
zoom_out,e900,2141
zoom_out_map,e56b,2142